Name,Extension
08fd33_0.mp4,.mp4
08fd33_1.mp4,.mp4
08fd33_2.mp4,.mp4
08fd33_3.mp4,.mp4
08fd33_4.mp4,.mp4
08fd33_5.mp4,.mp4
08fd33_6.mp4,.mp4
08fd33_7.mp4,.mp4
08fd33_8.mp4,.mp4
08fd33_9.mp4,.mp4
0a2d9b_0.mp4,.mp4
0a2d9b_1.mp4,.mp4
0a2d9b_2.mp4,.mp4
0a2d9b_3.mp4,.mp4
0a2d9b_4.mp4,.mp4
0a2d9b_5.mp4,.mp4
0a2d9b_6.mp4,.mp4
0a2d9b_7.mp4,.mp4
0a2d9b_8.mp4,.mp4
0a2d9b_9.mp4,.mp4
0bfacc_0.mp4,.mp4
0bfacc_1.mp4,.mp4
0bfacc_2.mp4,.mp4
0bfacc_3.mp4,.mp4
0bfacc_4.mp4,.mp4
0bfacc_5.mp4,.mp4
0bfacc_6.mp4,.mp4
0bfacc_7.mp4,.mp4
0bfacc_8.mp4,.mp4
0bfacc_9.mp4,.mp4
121364_0.mp4,.mp4
121364_1.mp4,.mp4
121364_2.mp4,.mp4
121364_3.mp4,.mp4
121364_4.mp4,.mp4
121364_5.mp4,.mp4
121364_6.mp4,.mp4
121364_7.mp4,.mp4
121364_8.mp4,.mp4
121364_9.mp4,.mp4
2e57b9_0.mp4,.mp4
2e57b9_1.mp4,.mp4
2e57b9_2.mp4,.mp4
2e57b9_3.mp4,.mp4
2e57b9_4.mp4,.mp4
2e57b9_5.mp4,.mp4
2e57b9_6.mp4,.mp4
2e57b9_7.mp4,.mp4
2e57b9_8.mp4,.mp4
2e57b9_9.mp4,.mp4
40cd38_0.mp4,.mp4
40cd38_1.mp4,.mp4
40cd38_2.mp4,.mp4
40cd38_3.mp4,.mp4
40cd38_4.mp4,.mp4
40cd38_5.mp4,.mp4
40cd38_6.mp4,.mp4
40cd38_7.mp4,.mp4
40cd38_8.mp4,.mp4
40cd38_9.mp4,.mp4
42ba34_0.mp4,.mp4
42ba34_1.mp4,.mp4
42ba34_2.mp4,.mp4
42ba34_3.mp4,.mp4
42ba34_4.mp4,.mp4
42ba34_5.mp4,.mp4
42ba34_6.mp4,.mp4
42ba34_7.mp4,.mp4
42ba34_8.mp4,.mp4
42ba34_9.mp4,.mp4
4b770a_0.mp4,.mp4
4b770a_1.mp4,.mp4
4b770a_2.mp4,.mp4
4b770a_3.mp4,.mp4
4b770a_4.mp4,.mp4
4b770a_5.mp4,.mp4
4b770a_6.mp4,.mp4
4b770a_7.mp4,.mp4
4b770a_8.mp4,.mp4
4b770a_9.mp4,.mp4
538438_0.mp4,.mp4
538438_1.mp4,.mp4
538438_2.mp4,.mp4
538438_3.mp4,.mp4
538438_4.mp4,.mp4
538438_5.mp4,.mp4
538438_6.mp4,.mp4
538438_7.mp4,.mp4
538438_8.mp4,.mp4
538438_9.mp4,.mp4
54745b_0.mp4,.mp4
54745b_1.mp4,.mp4
54745b_2.mp4,.mp4
54745b_3.mp4,.mp4
54745b_4.mp4,.mp4
54745b_5.mp4,.mp4
54745b_6.mp4,.mp4
54745b_7.mp4,.mp4
54745b_8.mp4,.mp4
54745b_9.mp4,.mp4
55c9d1_0.mp4,.mp4
55c9d1_1.mp4,.mp4
55c9d1_2.mp4,.mp4
55c9d1_3.mp4,.mp4
55c9d1_4.mp4,.mp4
55c9d1_5.mp4,.mp4
55c9d1_6.mp4,.mp4
55c9d1_7.mp4,.mp4
55c9d1_8.mp4,.mp4
55c9d1_9.mp4,.mp4
573e61_0.mp4,.mp4
573e61_1.mp4,.mp4
573e61_2.mp4,.mp4
573e61_3.mp4,.mp4
573e61_4.mp4,.mp4
573e61_5.mp4,.mp4
573e61_6.mp4,.mp4
573e61_7.mp4,.mp4
573e61_8.mp4,.mp4
573e61_9.mp4,.mp4
744b27_0.mp4,.mp4
744b27_1.mp4,.mp4
744b27_2.mp4,.mp4
744b27_3.mp4,.mp4
744b27_4.mp4,.mp4
744b27_5.mp4,.mp4
744b27_6.mp4,.mp4
744b27_7.mp4,.mp4
744b27_8.mp4,.mp4
744b27_9.mp4,.mp4
798b45_0.mp4,.mp4
798b45_1.mp4,.mp4
798b45_2.mp4,.mp4
798b45_3.mp4,.mp4
798b45_4.mp4,.mp4
798b45_5.mp4,.mp4
798b45_6.mp4,.mp4
798b45_7.mp4,.mp4
798b45_8.mp4,.mp4
798b45_9.mp4,.mp4
a9f16c_0.mp4,.mp4
a9f16c_1.mp4,.mp4
a9f16c_2.mp4,.mp4
a9f16c_3.mp4,.mp4
a9f16c_4.mp4,.mp4
a9f16c_5.mp4,.mp4
a9f16c_6.mp4,.mp4
a9f16c_7.mp4,.mp4
a9f16c_8.mp4,.mp4
a9f16c_9.mp4,.mp4
c01561_0.mp4,.mp4
c01561_1.mp4,.mp4
c01561_2.mp4,.mp4
c01561_3.mp4,.mp4
c01561_4.mp4,.mp4
c01561_5.mp4,.mp4
c01561_6.mp4,.mp4
c01561_7.mp4,.mp4
c01561_8.mp4,.mp4
c01561_9.mp4,.mp4
cd987c_0.mp4,.mp4
cd987c_1.mp4,.mp4
cd987c_2.mp4,.mp4
cd987c_3.mp4,.mp4
cd987c_4.mp4,.mp4
cd987c_5.mp4,.mp4
cd987c_6.mp4,.mp4
cd987c_7.mp4,.mp4
cd987c_8.mp4,.mp4
cd987c_9.mp4,.mp4
d82e7a_0.mp4,.mp4
d82e7a_1.mp4,.mp4
d82e7a_2.mp4,.mp4
d82e7a_3.mp4,.mp4
d82e7a_4.mp4,.mp4
d82e7a_5.mp4,.mp4
d82e7a_6.mp4,.mp4
d82e7a_7.mp4,.mp4
d82e7a_8.mp4,.mp4
d82e7a_9.mp4,.mp4
e624c9_0.mp4,.mp4
e624c9_1.mp4,.mp4
e624c9_2.mp4,.mp4
e624c9_3.mp4,.mp4
e624c9_4.mp4,.mp4
e624c9_5.mp4,.mp4
e624c9_6.mp4,.mp4
e624c9_7.mp4,.mp4
e624c9_8.mp4,.mp4
e624c9_9.mp4,.mp4
ec783a_0.mp4,.mp4
ec783a_1.mp4,.mp4
ec783a_2.mp4,.mp4
ec783a_3.mp4,.mp4
ec783a_4.mp4,.mp4
ec783a_5.mp4,.mp4
ec783a_6.mp4,.mp4
ec783a_7.mp4,.mp4
ec783a_8.mp4,.mp4
ec783a_9.mp4,.mp4
